id,name,email,password,created_at,updated_at
1,Admin 1,admin1@example.com,adminpassword1,2024-12-07 03:38:30,2024-12-07 03:38:30
2,Admin 2,admin2@example.com,adminpassword2,2024-12-07 03:38:30,2024-12-07 03:38:30
3,Admin 3,admin3@example.com,adminpassword3,2024-12-07 03:38:30,2024-12-07 03:38:30
4,Admin 4,admin4@example.com,adminpassword4,2024-12-07 03:38:30,2024-12-07 03:38:30
5,Admin 5,admin5@example.com,adminpassword5,2024-12-07 03:38:30,2024-12-07 03:38:30
6,Admin 6,admin6@example.com,adminpassword6,2024-12-07 03:38:30,2024-12-07 03:38:30
7,Admin 7,admin7@example.com,adminpassword7,2024-12-07 03:38:30,2024-12-07 03:38:30
8,Admin 8,admin8@example.com,adminpassword8,2024-12-07 03:38:30,2024-12-07 03:38:30
9,Admin 9,admin9@example.com,adminpassword9,2024-12-07 03:38:30,2024-12-07 03:38:30
10,Admin 10,admin10@example.com,adminpassword10,2024-12-07 03:38:30,2024-12-07 03:38:30
