id,business_name,email,password,created_at,updated_at
1,Business 1,business1@example.com,password1,2023-12-11 03:38:30,2023-12-11 03:38:30
2,Business 2,business2@example.com,password2,2024-11-13 03:38:30,2024-11-13 03:38:30
3,Business 3,business3@example.com,password3,2024-03-06 03:38:30,2024-03-06 03:38:30
4,Business 4,business4@example.com,password4,2024-02-19 03:38:30,2024-02-19 03:38:30
5,Business 5,business5@example.com,password5,2024-03-27 03:38:30,2024-03-27 03:38:30
6,Business 6,business6@example.com,password6,2024-04-17 03:38:30,2024-04-17 03:38:30
7,Business 7,business7@example.com,password7,2024-03-30 03:38:30,2024-03-30 03:38:30
8,Business 8,business8@example.com,password8,2024-09-23 03:38:30,2024-09-23 03:38:30
9,Business 9,business9@example.com,password9,2024-02-25 03:38:30,2024-02-25 03:38:30
10,Business 10,business10@example.com,password10,2024-12-06 03:38:30,2024-12-06 03:38:30
11,Business 11,business11@example.com,password11,2024-07-25 03:38:30,2024-07-25 03:38:30
12,Business 12,business12@example.com,password12,2024-06-17 03:38:30,2024-06-17 03:38:30
13,Business 13,business13@example.com,password13,2024-08-09 03:38:30,2024-08-09 03:38:30
14,Business 14,business14@example.com,password14,2024-10-27 03:38:30,2024-10-27 03:38:30
15,Business 15,business15@example.com,password15,2024-01-08 03:38:30,2024-01-08 03:38:30
16,Business 16,business16@example.com,password16,2024-01-04 03:38:30,2024-01-04 03:38:30
17,Business 17,business17@example.com,password17,2024-05-04 03:38:30,2024-05-04 03:38:30
18,Business 18,business18@example.com,password18,2024-01-30 03:38:30,2024-01-30 03:38:30
19,Business 19,business19@example.com,password19,2024-02-19 03:38:30,2024-02-19 03:38:30
20,Business 20,business20@example.com,password20,2024-10-01 03:38:30,2024-10-01 03:38:30
21,Business 21,business21@example.com,password21,2024-07-02 03:38:30,2024-07-02 03:38:30
22,Business 22,business22@example.com,password22,2024-09-22 03:38:30,2024-09-22 03:38:30
23,Business 23,business23@example.com,password23,2024-02-20 03:38:30,2024-02-20 03:38:30
24,Business 24,business24@example.com,password24,2024-09-30 03:38:30,2024-09-30 03:38:30
25,Business 25,business25@example.com,password25,2024-05-08 03:38:30,2024-05-08 03:38:30
26,Business 26,business26@example.com,password26,2024-01-16 03:38:30,2024-01-16 03:38:30
27,Business 27,business27@example.com,password27,2024-07-03 03:38:30,2024-07-03 03:38:30
28,Business 28,business28@example.com,password28,2024-03-05 03:38:30,2024-03-05 03:38:30
29,Business 29,business29@example.com,password29,2024-05-16 03:38:30,2024-05-16 03:38:30
30,Business 30,business30@example.com,password30,2024-03-30 03:38:30,2024-03-30 03:38:30
31,Business 31,business31@example.com,password31,2024-06-14 03:38:30,2024-06-14 03:38:30
32,Business 32,business32@example.com,password32,2024-05-18 03:38:30,2024-05-18 03:38:30
33,Business 33,business33@example.com,password33,2024-07-12 03:38:30,2024-07-12 03:38:30
34,Business 34,business34@example.com,password34,2023-12-21 03:38:30,2023-12-21 03:38:30
35,Business 35,business35@example.com,password35,2024-07-20 03:38:30,2024-07-20 03:38:30
36,Business 36,business36@example.com,password36,2024-08-26 03:38:30,2024-08-26 03:38:30
37,Business 37,business37@example.com,password37,2024-03-18 03:38:30,2024-03-18 03:38:30
38,Business 38,business38@example.com,password38,2024-06-04 03:38:30,2024-06-04 03:38:30
39,Business 39,business39@example.com,password39,2024-05-04 03:38:30,2024-05-04 03:38:30
40,Business 40,business40@example.com,password40,2024-11-03 03:38:30,2024-11-03 03:38:30
41,Business 41,business41@example.com,password41,2024-01-29 03:38:30,2024-01-29 03:38:30
42,Business 42,business42@example.com,password42,2024-09-13 03:38:30,2024-09-13 03:38:30
43,Business 43,business43@example.com,password43,2024-10-02 03:38:30,2024-10-02 03:38:30
44,Business 44,business44@example.com,password44,2024-01-12 03:38:30,2024-01-12 03:38:30
45,Business 45,business45@example.com,password45,2024-03-14 03:38:30,2024-03-14 03:38:30
46,Business 46,business46@example.com,password46,2024-04-23 03:38:30,2024-04-23 03:38:30
47,Business 47,business47@example.com,password47,2024-01-14 03:38:30,2024-01-14 03:38:30
48,Business 48,business48@example.com,password48,2024-05-03 03:38:30,2024-05-03 03:38:30
49,Business 49,business49@example.com,password49,2024-05-13 03:38:30,2024-05-13 03:38:30
50,Business 50,business50@example.com,password50,2023-12-10 03:38:30,2023-12-10 03:38:30
51,Business 51,business51@example.com,password51,2024-04-14 03:38:30,2024-04-14 03:38:30
52,Business 52,business52@example.com,password52,2024-06-17 03:38:30,2024-06-17 03:38:30
53,Business 53,business53@example.com,password53,2024-06-14 03:38:30,2024-06-14 03:38:30
54,Business 54,business54@example.com,password54,2024-01-08 03:38:30,2024-01-08 03:38:30
55,Business 55,business55@example.com,password55,2024-12-04 03:38:30,2024-12-04 03:38:30
56,Business 56,business56@example.com,password56,2024-01-16 03:38:30,2024-01-16 03:38:30
57,Business 57,business57@example.com,password57,2024-06-30 03:38:30,2024-06-30 03:38:30
58,Business 58,business58@example.com,password58,2024-02-11 03:38:30,2024-02-11 03:38:30
59,Business 59,business59@example.com,password59,2024-10-20 03:38:30,2024-10-20 03:38:30
60,Business 60,business60@example.com,password60,2024-04-05 03:38:30,2024-04-05 03:38:30
61,Business 61,business61@example.com,password61,2024-04-19 03:38:30,2024-04-19 03:38:30
62,Business 62,business62@example.com,password62,2024-05-13 03:38:30,2024-05-13 03:38:30
63,Business 63,business63@example.com,password63,2024-08-24 03:38:30,2024-08-24 03:38:30
64,Business 64,business64@example.com,password64,2024-01-03 03:38:30,2024-01-03 03:38:30
65,Business 65,business65@example.com,password65,2024-09-17 03:38:30,2024-09-17 03:38:30
66,Business 66,business66@example.com,password66,2024-03-31 03:38:30,2024-03-31 03:38:30
67,Business 67,business67@example.com,password67,2024-05-03 03:38:30,2024-05-03 03:38:30
68,Business 68,business68@example.com,password68,2024-10-26 03:38:30,2024-10-26 03:38:30
69,Business 69,business69@example.com,password69,2024-10-06 03:38:30,2024-10-06 03:38:30
70,Business 70,business70@example.com,password70,2024-06-07 03:38:30,2024-06-07 03:38:30
71,Business 71,business71@example.com,password71,2024-02-11 03:38:30,2024-02-11 03:38:30
72,Business 72,business72@example.com,password72,2024-06-19 03:38:30,2024-06-19 03:38:30
73,Business 73,business73@example.com,password73,2024-10-28 03:38:30,2024-10-28 03:38:30
74,Business 74,business74@example.com,password74,2023-12-28 03:38:30,2023-12-28 03:38:30
75,Business 75,business75@example.com,password75,2024-08-30 03:38:30,2024-08-30 03:38:30
76,Business 76,business76@example.com,password76,2024-04-26 03:38:30,2024-04-26 03:38:30
77,Business 77,business77@example.com,password77,2023-12-28 03:38:30,2023-12-28 03:38:30
78,Business 78,business78@example.com,password78,2024-03-16 03:38:30,2024-03-16 03:38:30
79,Business 79,business79@example.com,password79,2024-03-02 03:38:30,2024-03-02 03:38:30
80,Business 80,business80@example.com,password80,2024-02-20 03:38:30,2024-02-20 03:38:30
81,Business 81,business81@example.com,password81,2023-12-31 03:38:30,2023-12-31 03:38:30
82,Business 82,business82@example.com,password82,2024-03-25 03:38:30,2024-03-25 03:38:30
83,Business 83,business83@example.com,password83,2024-06-01 03:38:30,2024-06-01 03:38:30
84,Business 84,business84@example.com,password84,2024-09-22 03:38:30,2024-09-22 03:38:30
85,Business 85,business85@example.com,password85,2024-08-06 03:38:30,2024-08-06 03:38:30
86,Business 86,business86@example.com,password86,2023-12-30 03:38:30,2023-12-30 03:38:30
87,Business 87,business87@example.com,password87,2024-07-14 03:38:30,2024-07-14 03:38:30
88,Business 88,business88@example.com,password88,2024-07-04 03:38:30,2024-07-04 03:38:30
89,Business 89,business89@example.com,password89,2024-04-24 03:38:30,2024-04-24 03:38:30
90,Business 90,business90@example.com,password90,2024-12-06 03:38:30,2024-12-06 03:38:30
91,Business 91,business91@example.com,password91,2024-08-17 03:38:30,2024-08-17 03:38:30
92,Business 92,business92@example.com,password92,2024-11-30 03:38:30,2024-11-30 03:38:30
93,Business 93,business93@example.com,password93,2024-06-24 03:38:30,2024-06-24 03:38:30
94,Business 94,business94@example.com,password94,2024-06-20 03:38:30,2024-06-20 03:38:30
95,Business 95,business95@example.com,password95,2024-12-01 03:38:30,2024-12-01 03:38:30
96,Business 96,business96@example.com,password96,2024-04-26 03:38:30,2024-04-26 03:38:30
97,Business 97,business97@example.com,password97,2024-07-01 03:38:30,2024-07-01 03:38:30
98,Business 98,business98@example.com,password98,2024-03-27 03:38:30,2024-03-27 03:38:30
99,Business 99,business99@example.com,password99,2024-04-11 03:38:30,2024-04-11 03:38:30
100,Business 100,business100@example.com,password100,2024-05-18 03:38:30,2024-05-18 03:38:30
101,Business 101,business101@example.com,password101,2024-04-23 03:38:30,2024-04-23 03:38:30
102,Business 102,business102@example.com,password102,2024-01-25 03:38:30,2024-01-25 03:38:30
103,Business 103,business103@example.com,password103,2024-04-29 03:38:30,2024-04-29 03:38:30
104,Business 104,business104@example.com,password104,2024-10-04 03:38:30,2024-10-04 03:38:30
105,Business 105,business105@example.com,password105,2024-07-16 03:38:30,2024-07-16 03:38:30
106,Business 106,business106@example.com,password106,2024-04-17 03:38:30,2024-04-17 03:38:30
107,Business 107,business107@example.com,password107,2024-05-02 03:38:30,2024-05-02 03:38:30
108,Business 108,business108@example.com,password108,2024-09-13 03:38:30,2024-09-13 03:38:30
109,Business 109,business109@example.com,password109,2024-02-07 03:38:30,2024-02-07 03:38:30
110,Business 110,business110@example.com,password110,2024-03-14 03:38:30,2024-03-14 03:38:30
111,Business 111,business111@example.com,password111,2024-01-04 03:38:30,2024-01-04 03:38:30
112,Business 112,business112@example.com,password112,2024-08-06 03:38:30,2024-08-06 03:38:30
113,Business 113,business113@example.com,password113,2024-09-08 03:38:30,2024-09-08 03:38:30
114,Business 114,business114@example.com,password114,2024-03-02 03:38:30,2024-03-02 03:38:30
115,Business 115,business115@example.com,password115,2024-08-13 03:38:30,2024-08-13 03:38:30
116,Business 116,business116@example.com,password116,2024-07-28 03:38:30,2024-07-28 03:38:30
117,Business 117,business117@example.com,password117,2024-10-22 03:38:30,2024-10-22 03:38:30
118,Business 118,business118@example.com,password118,2024-01-02 03:38:30,2024-01-02 03:38:30
119,Business 119,business119@example.com,password119,2024-09-06 03:38:30,2024-09-06 03:38:30
120,Business 120,business120@example.com,password120,2024-07-06 03:38:30,2024-07-06 03:38:30
121,Business 121,business121@example.com,password121,2024-06-30 03:38:30,2024-06-30 03:38:30
122,Business 122,business122@example.com,password122,2024-08-06 03:38:30,2024-08-06 03:38:30
123,Business 123,business123@example.com,password123,2024-06-25 03:38:30,2024-06-25 03:38:30
124,Business 124,business124@example.com,password124,2024-08-29 03:38:30,2024-08-29 03:38:30
125,Business 125,business125@example.com,password125,2024-08-04 03:38:30,2024-08-04 03:38:30
126,Business 126,business126@example.com,password126,2024-11-03 03:38:30,2024-11-03 03:38:30
127,Business 127,business127@example.com,password127,2024-12-07 03:38:30,2024-12-07 03:38:30
128,Business 128,business128@example.com,password128,2024-02-27 03:38:30,2024-02-27 03:38:30
129,Business 129,business129@example.com,password129,2024-01-21 03:38:30,2024-01-21 03:38:30
130,Business 130,business130@example.com,password130,2024-06-22 03:38:30,2024-06-22 03:38:30
131,Business 131,business131@example.com,password131,2024-12-03 03:38:30,2024-12-03 03:38:30
132,Business 132,business132@example.com,password132,2024-04-17 03:38:30,2024-04-17 03:38:30
133,Business 133,business133@example.com,password133,2024-05-02 03:38:30,2024-05-02 03:38:30
134,Business 134,business134@example.com,password134,2024-06-24 03:38:30,2024-06-24 03:38:30
135,Business 135,business135@example.com,password135,2024-01-25 03:38:30,2024-01-25 03:38:30
136,Business 136,business136@example.com,password136,2023-12-19 03:38:30,2023-12-19 03:38:30
137,Business 137,business137@example.com,password137,2023-12-28 03:38:30,2023-12-28 03:38:30
138,Business 138,business138@example.com,password138,2024-11-28 03:38:30,2024-11-28 03:38:30
139,Business 139,business139@example.com,password139,2024-10-12 03:38:30,2024-10-12 03:38:30
140,Business 140,business140@example.com,password140,2024-01-23 03:38:30,2024-01-23 03:38:30
141,Business 141,business141@example.com,password141,2024-07-09 03:38:30,2024-07-09 03:38:30
142,Business 142,business142@example.com,password142,2024-01-20 03:38:30,2024-01-20 03:38:30
143,Business 143,business143@example.com,password143,2024-05-15 03:38:30,2024-05-15 03:38:30
144,Business 144,business144@example.com,password144,2024-10-29 03:38:30,2024-10-29 03:38:30
145,Business 145,business145@example.com,password145,2024-03-04 03:38:30,2024-03-04 03:38:30
146,Business 146,business146@example.com,password146,2024-03-30 03:38:30,2024-03-30 03:38:30
147,Business 147,business147@example.com,password147,2024-05-14 03:38:30,2024-05-14 03:38:30
148,Business 148,business148@example.com,password148,2024-12-04 03:38:30,2024-12-04 03:38:30
149,Business 149,business149@example.com,password149,2024-05-18 03:38:30,2024-05-18 03:38:30
150,Business 150,business150@example.com,password150,2024-02-11 03:38:30,2024-02-11 03:38:30
151,Business 151,business151@example.com,password151,2024-04-02 03:38:30,2024-04-02 03:38:30
152,Business 152,business152@example.com,password152,2024-05-28 03:38:30,2024-05-28 03:38:30
153,Business 153,business153@example.com,password153,2024-12-05 03:38:30,2024-12-05 03:38:30
154,Business 154,business154@example.com,password154,2024-05-18 03:38:30,2024-05-18 03:38:30
155,Business 155,business155@example.com,password155,2024-08-21 03:38:30,2024-08-21 03:38:30
156,Business 156,business156@example.com,password156,2024-01-19 03:38:30,2024-01-19 03:38:30
157,Business 157,business157@example.com,password157,2024-06-15 03:38:30,2024-06-15 03:38:30
158,Business 158,business158@example.com,password158,2024-02-13 03:38:30,2024-02-13 03:38:30
159,Business 159,business159@example.com,password159,2024-09-04 03:38:30,2024-09-04 03:38:30
160,Business 160,business160@example.com,password160,2024-06-28 03:38:30,2024-06-28 03:38:30
161,Business 161,business161@example.com,password161,2024-06-21 03:38:30,2024-06-21 03:38:30
162,Business 162,business162@example.com,password162,2024-06-03 03:38:30,2024-06-03 03:38:30
163,Business 163,business163@example.com,password163,2024-05-26 03:38:30,2024-05-26 03:38:30
164,Business 164,business164@example.com,password164,2024-10-01 03:38:30,2024-10-01 03:38:30
165,Business 165,business165@example.com,password165,2024-11-26 03:38:30,2024-11-26 03:38:30
166,Business 166,business166@example.com,password166,2024-02-24 03:38:30,2024-02-24 03:38:30
167,Business 167,business167@example.com,password167,2024-01-28 03:38:30,2024-01-28 03:38:30
168,Business 168,business168@example.com,password168,2023-12-10 03:38:30,2023-12-10 03:38:30
169,Business 169,business169@example.com,password169,2024-04-12 03:38:30,2024-04-12 03:38:30
170,Business 170,business170@example.com,password170,2024-11-18 03:38:30,2024-11-18 03:38:30
171,Business 171,business171@example.com,password171,2024-08-12 03:38:30,2024-08-12 03:38:30
172,Business 172,business172@example.com,password172,2024-07-11 03:38:30,2024-07-11 03:38:30
173,Business 173,business173@example.com,password173,2024-08-08 03:38:30,2024-08-08 03:38:30
174,Business 174,business174@example.com,password174,2024-03-22 03:38:30,2024-03-22 03:38:30
175,Business 175,business175@example.com,password175,2024-01-22 03:38:30,2024-01-22 03:38:30
176,Business 176,business176@example.com,password176,2024-07-02 03:38:30,2024-07-02 03:38:30
177,Business 177,business177@example.com,password177,2024-10-05 03:38:30,2024-10-05 03:38:30
178,Business 178,business178@example.com,password178,2024-10-14 03:38:30,2024-10-14 03:38:30
179,Business 179,business179@example.com,password179,2024-04-27 03:38:30,2024-04-27 03:38:30
180,Business 180,business180@example.com,password180,2024-06-16 03:38:30,2024-06-16 03:38:30
181,Business 181,business181@example.com,password181,2024-06-24 03:38:30,2024-06-24 03:38:30
182,Business 182,business182@example.com,password182,2024-06-17 03:38:30,2024-06-17 03:38:30
183,Business 183,business183@example.com,password183,2023-12-12 03:38:30,2023-12-12 03:38:30
184,Business 184,business184@example.com,password184,2024-06-05 03:38:30,2024-06-05 03:38:30
185,Business 185,business185@example.com,password185,2024-07-17 03:38:30,2024-07-17 03:38:30
186,Business 186,business186@example.com,password186,2024-05-02 03:38:30,2024-05-02 03:38:30
187,Business 187,business187@example.com,password187,2024-08-02 03:38:30,2024-08-02 03:38:30
188,Business 188,business188@example.com,password188,2024-02-10 03:38:30,2024-02-10 03:38:30
189,Business 189,business189@example.com,password189,2024-01-22 03:38:30,2024-01-22 03:38:30
190,Business 190,business190@example.com,password190,2024-04-27 03:38:30,2024-04-27 03:38:30
191,Business 191,business191@example.com,password191,2024-05-03 03:38:30,2024-05-03 03:38:30
192,Business 192,business192@example.com,password192,2024-07-30 03:38:30,2024-07-30 03:38:30
193,Business 193,business193@example.com,password193,2024-02-29 03:38:30,2024-02-29 03:38:30
194,Business 194,business194@example.com,password194,2024-06-19 03:38:30,2024-06-19 03:38:30
195,Business 195,business195@example.com,password195,2024-11-07 03:38:30,2024-11-07 03:38:30
196,Business 196,business196@example.com,password196,2024-08-09 03:38:30,2024-08-09 03:38:30
197,Business 197,business197@example.com,password197,2024-03-14 03:38:30,2024-03-14 03:38:30
198,Business 198,business198@example.com,password198,2024-09-19 03:38:30,2024-09-19 03:38:30
199,Business 199,business199@example.com,password199,2024-01-03 03:38:30,2024-01-03 03:38:30
200,Business 200,business200@example.com,password200,2024-08-07 03:38:30,2024-08-07 03:38:30
201,Business 201,business201@example.com,password201,2024-09-07 03:38:30,2024-09-07 03:38:30
202,Business 202,business202@example.com,password202,2024-10-28 03:38:30,2024-10-28 03:38:30
203,Business 203,business203@example.com,password203,2024-07-22 03:38:30,2024-07-22 03:38:30
204,Business 204,business204@example.com,password204,2024-04-21 03:38:30,2024-04-21 03:38:30
205,Business 205,business205@example.com,password205,2023-12-09 03:38:30,2023-12-09 03:38:30
206,Business 206,business206@example.com,password206,2024-01-22 03:38:30,2024-01-22 03:38:30
207,Business 207,business207@example.com,password207,2024-01-20 03:38:30,2024-01-20 03:38:30
208,Business 208,business208@example.com,password208,2023-12-18 03:38:30,2023-12-18 03:38:30
209,Business 209,business209@example.com,password209,2024-12-04 03:38:30,2024-12-04 03:38:30
210,Business 210,business210@example.com,password210,2024-09-19 03:38:30,2024-09-19 03:38:30
211,Business 211,business211@example.com,password211,2024-03-26 03:38:30,2024-03-26 03:38:30
212,Business 212,business212@example.com,password212,2024-02-28 03:38:30,2024-02-28 03:38:30
213,Business 213,business213@example.com,password213,2024-01-07 03:38:30,2024-01-07 03:38:30
214,Business 214,business214@example.com,password214,2024-08-16 03:38:30,2024-08-16 03:38:30
215,Business 215,business215@example.com,password215,2024-02-18 03:38:30,2024-02-18 03:38:30
216,Business 216,business216@example.com,password216,2024-02-23 03:38:30,2024-02-23 03:38:30
217,Business 217,business217@example.com,password217,2024-07-07 03:38:30,2024-07-07 03:38:30
218,Business 218,business218@example.com,password218,2024-10-30 03:38:30,2024-10-30 03:38:30
219,Business 219,business219@example.com,password219,2024-10-22 03:38:30,2024-10-22 03:38:30
220,Business 220,business220@example.com,password220,2024-08-27 03:38:30,2024-08-27 03:38:30
221,Business 221,business221@example.com,password221,2024-01-02 03:38:30,2024-01-02 03:38:30
222,Business 222,business222@example.com,password222,2024-09-02 03:38:30,2024-09-02 03:38:30
223,Business 223,business223@example.com,password223,2024-06-28 03:38:30,2024-06-28 03:38:30
224,Business 224,business224@example.com,password224,2024-03-26 03:38:30,2024-03-26 03:38:30
225,Business 225,business225@example.com,password225,2024-08-28 03:38:30,2024-08-28 03:38:30
226,Business 226,business226@example.com,password226,2024-08-16 03:38:30,2024-08-16 03:38:30
227,Business 227,business227@example.com,password227,2024-05-29 03:38:30,2024-05-29 03:38:30
228,Business 228,business228@example.com,password228,2024-10-30 03:38:30,2024-10-30 03:38:30
229,Business 229,business229@example.com,password229,2024-05-07 03:38:30,2024-05-07 03:38:30
230,Business 230,business230@example.com,password230,2024-09-29 03:38:30,2024-09-29 03:38:30
231,Business 231,business231@example.com,password231,2024-10-28 03:38:30,2024-10-28 03:38:30
232,Business 232,business232@example.com,password232,2024-04-17 03:38:30,2024-04-17 03:38:30
233,Business 233,business233@example.com,password233,2024-04-15 03:38:30,2024-04-15 03:38:30
234,Business 234,business234@example.com,password234,2024-07-24 03:38:30,2024-07-24 03:38:30
235,Business 235,business235@example.com,password235,2024-05-12 03:38:30,2024-05-12 03:38:30
236,Business 236,business236@example.com,password236,2024-09-01 03:38:30,2024-09-01 03:38:30
237,Business 237,business237@example.com,password237,2024-03-07 03:38:30,2024-03-07 03:38:30
238,Business 238,business238@example.com,password238,2024-10-12 03:38:30,2024-10-12 03:38:30
239,Business 239,business239@example.com,password239,2024-01-11 03:38:30,2024-01-11 03:38:30
240,Business 240,business240@example.com,password240,2024-11-07 03:38:30,2024-11-07 03:38:30
241,Business 241,business241@example.com,password241,2024-11-08 03:38:30,2024-11-08 03:38:30
242,Business 242,business242@example.com,password242,2024-11-14 03:38:30,2024-11-14 03:38:30
243,Business 243,business243@example.com,password243,2024-02-01 03:38:30,2024-02-01 03:38:30
244,Business 244,business244@example.com,password244,2024-10-15 03:38:30,2024-10-15 03:38:30
245,Business 245,business245@example.com,password245,2024-09-21 03:38:30,2024-09-21 03:38:30
246,Business 246,business246@example.com,password246,2024-08-08 03:38:30,2024-08-08 03:38:30
247,Business 247,business247@example.com,password247,2024-01-23 03:38:30,2024-01-23 03:38:30
248,Business 248,business248@example.com,password248,2024-06-07 03:38:30,2024-06-07 03:38:30
249,Business 249,business249@example.com,password249,2024-03-27 03:38:30,2024-03-27 03:38:30
250,Business 250,business250@example.com,password250,2024-04-17 03:38:30,2024-04-17 03:38:30
251,Business 251,business251@example.com,password251,2024-04-14 03:38:30,2024-04-14 03:38:30
252,Business 252,business252@example.com,password252,2024-10-04 03:38:30,2024-10-04 03:38:30
253,Business 253,business253@example.com,password253,2024-09-21 03:38:30,2024-09-21 03:38:30
254,Business 254,business254@example.com,password254,2024-07-12 03:38:30,2024-07-12 03:38:30
255,Business 255,business255@example.com,password255,2024-03-06 03:38:30,2024-03-06 03:38:30
256,Business 256,business256@example.com,password256,2024-02-25 03:38:30,2024-02-25 03:38:30
257,Business 257,business257@example.com,password257,2024-06-16 03:38:30,2024-06-16 03:38:30
258,Business 258,business258@example.com,password258,2024-11-08 03:38:30,2024-11-08 03:38:30
259,Business 259,business259@example.com,password259,2024-01-27 03:38:30,2024-01-27 03:38:30
260,Business 260,business260@example.com,password260,2023-12-26 03:38:30,2023-12-26 03:38:30
261,Business 261,business261@example.com,password261,2024-10-27 03:38:30,2024-10-27 03:38:30
262,Business 262,business262@example.com,password262,2024-04-22 03:38:30,2024-04-22 03:38:30
263,Business 263,business263@example.com,password263,2024-06-26 03:38:30,2024-06-26 03:38:30
264,Business 264,business264@example.com,password264,2024-07-30 03:38:30,2024-07-30 03:38:30
265,Business 265,business265@example.com,password265,2024-02-08 03:38:30,2024-02-08 03:38:30
266,Business 266,business266@example.com,password266,2024-03-05 03:38:30,2024-03-05 03:38:30
267,Business 267,business267@example.com,password267,2024-07-07 03:38:30,2024-07-07 03:38:30
268,Business 268,business268@example.com,password268,2024-04-07 03:38:30,2024-04-07 03:38:30
269,Business 269,business269@example.com,password269,2024-05-19 03:38:30,2024-05-19 03:38:30
270,Business 270,business270@example.com,password270,2024-09-21 03:38:30,2024-09-21 03:38:30
271,Business 271,business271@example.com,password271,2024-08-21 03:38:30,2024-08-21 03:38:30
272,Business 272,business272@example.com,password272,2024-06-01 03:38:30,2024-06-01 03:38:30
273,Business 273,business273@example.com,password273,2024-01-04 03:38:30,2024-01-04 03:38:30
274,Business 274,business274@example.com,password274,2024-04-10 03:38:30,2024-04-10 03:38:30
275,Business 275,business275@example.com,password275,2024-04-08 03:38:30,2024-04-08 03:38:30
276,Business 276,business276@example.com,password276,2024-05-29 03:38:30,2024-05-29 03:38:30
277,Business 277,business277@example.com,password277,2024-01-06 03:38:30,2024-01-06 03:38:30
278,Business 278,business278@example.com,password278,2024-07-27 03:38:30,2024-07-27 03:38:30
279,Business 279,business279@example.com,password279,2024-05-21 03:38:30,2024-05-21 03:38:30
280,Business 280,business280@example.com,password280,2024-06-30 03:38:30,2024-06-30 03:38:30
281,Business 281,business281@example.com,password281,2024-05-09 03:38:30,2024-05-09 03:38:30
282,Business 282,business282@example.com,password282,2024-10-29 03:38:30,2024-10-29 03:38:30
283,Business 283,business283@example.com,password283,2024-03-24 03:38:30,2024-03-24 03:38:30
284,Business 284,business284@example.com,password284,2024-11-06 03:38:30,2024-11-06 03:38:30
285,Business 285,business285@example.com,password285,2024-06-22 03:38:30,2024-06-22 03:38:30
286,Business 286,business286@example.com,password286,2024-11-10 03:38:30,2024-11-10 03:38:30
287,Business 287,business287@example.com,password287,2024-03-27 03:38:30,2024-03-27 03:38:30
288,Business 288,business288@example.com,password288,2024-04-29 03:38:30,2024-04-29 03:38:30
289,Business 289,business289@example.com,password289,2024-05-09 03:38:30,2024-05-09 03:38:30
290,Business 290,business290@example.com,password290,2024-11-10 03:38:30,2024-11-10 03:38:30
291,Business 291,business291@example.com,password291,2023-12-18 03:38:30,2023-12-18 03:38:30
292,Business 292,business292@example.com,password292,2024-06-10 03:38:30,2024-06-10 03:38:30
293,Business 293,business293@example.com,password293,2024-06-30 03:38:30,2024-06-30 03:38:30
294,Business 294,business294@example.com,password294,2024-03-15 03:38:30,2024-03-15 03:38:30
295,Business 295,business295@example.com,password295,2024-10-06 03:38:30,2024-10-06 03:38:30
296,Business 296,business296@example.com,password296,2024-01-29 03:38:30,2024-01-29 03:38:30
297,Business 297,business297@example.com,password297,2024-03-18 03:38:30,2024-03-18 03:38:30
298,Business 298,business298@example.com,password298,2024-05-14 03:38:30,2024-05-14 03:38:30
299,Business 299,business299@example.com,password299,2024-09-30 03:38:30,2024-09-30 03:38:30
300,Business 300,business300@example.com,password300,2024-12-05 03:38:30,2024-12-05 03:38:30
301,Business 301,business301@example.com,password301,2024-01-22 03:38:30,2024-01-22 03:38:30
302,Business 302,business302@example.com,password302,2024-05-30 03:38:30,2024-05-30 03:38:30
303,Business 303,business303@example.com,password303,2024-03-02 03:38:30,2024-03-02 03:38:30
304,Business 304,business304@example.com,password304,2024-09-01 03:38:30,2024-09-01 03:38:30
305,Business 305,business305@example.com,password305,2024-06-13 03:38:30,2024-06-13 03:38:30
306,Business 306,business306@example.com,password306,2024-03-17 03:38:30,2024-03-17 03:38:30
307,Business 307,business307@example.com,password307,2024-06-13 03:38:30,2024-06-13 03:38:30
308,Business 308,business308@example.com,password308,2024-11-17 03:38:30,2024-11-17 03:38:30
309,Business 309,business309@example.com,password309,2024-04-11 03:38:30,2024-04-11 03:38:30
310,Business 310,business310@example.com,password310,2024-02-27 03:38:30,2024-02-27 03:38:30
311,Business 311,business311@example.com,password311,2024-05-19 03:38:30,2024-05-19 03:38:30
312,Business 312,business312@example.com,password312,2024-07-25 03:38:30,2024-07-25 03:38:30
313,Business 313,business313@example.com,password313,2024-04-30 03:38:30,2024-04-30 03:38:30
314,Business 314,business314@example.com,password314,2024-03-27 03:38:30,2024-03-27 03:38:30
315,Business 315,business315@example.com,password315,2024-09-28 03:38:30,2024-09-28 03:38:30
316,Business 316,business316@example.com,password316,2024-03-06 03:38:30,2024-03-06 03:38:30
317,Business 317,business317@example.com,password317,2024-07-04 03:38:30,2024-07-04 03:38:30
318,Business 318,business318@example.com,password318,2024-09-23 03:38:30,2024-09-23 03:38:30
319,Business 319,business319@example.com,password319,2024-11-05 03:38:30,2024-11-05 03:38:30
320,Business 320,business320@example.com,password320,2024-06-29 03:38:30,2024-06-29 03:38:30
321,Business 321,business321@example.com,password321,2023-12-10 03:38:30,2023-12-10 03:38:30
322,Business 322,business322@example.com,password322,2024-06-30 03:38:30,2024-06-30 03:38:30
323,Business 323,business323@example.com,password323,2024-04-09 03:38:30,2024-04-09 03:38:30
324,Business 324,business324@example.com,password324,2024-12-02 03:38:30,2024-12-02 03:38:30
325,Business 325,business325@example.com,password325,2024-09-07 03:38:30,2024-09-07 03:38:30
326,Business 326,business326@example.com,password326,2023-12-21 03:38:30,2023-12-21 03:38:30
327,Business 327,business327@example.com,password327,2024-10-03 03:38:30,2024-10-03 03:38:30
328,Business 328,business328@example.com,password328,2024-01-18 03:38:30,2024-01-18 03:38:30
329,Business 329,business329@example.com,password329,2024-10-17 03:38:30,2024-10-17 03:38:30
330,Business 330,business330@example.com,password330,2024-03-03 03:38:30,2024-03-03 03:38:30
331,Business 331,business331@example.com,password331,2024-05-10 03:38:30,2024-05-10 03:38:30
332,Business 332,business332@example.com,password332,2024-03-20 03:38:30,2024-03-20 03:38:30
333,Business 333,business333@example.com,password333,2024-11-11 03:38:30,2024-11-11 03:38:30
334,Business 334,business334@example.com,password334,2024-08-30 03:38:30,2024-08-30 03:38:30
335,Business 335,business335@example.com,password335,2024-11-25 03:38:30,2024-11-25 03:38:30
336,Business 336,business336@example.com,password336,2024-11-04 03:38:30,2024-11-04 03:38:30
337,Business 337,business337@example.com,password337,2024-10-17 03:38:30,2024-10-17 03:38:30
338,Business 338,business338@example.com,password338,2024-06-04 03:38:30,2024-06-04 03:38:30
339,Business 339,business339@example.com,password339,2024-08-28 03:38:30,2024-08-28 03:38:30
340,Business 340,business340@example.com,password340,2024-05-17 03:38:30,2024-05-17 03:38:30
341,Business 341,business341@example.com,password341,2024-10-09 03:38:30,2024-10-09 03:38:30
342,Business 342,business342@example.com,password342,2024-04-10 03:38:30,2024-04-10 03:38:30
343,Business 343,business343@example.com,password343,2024-08-02 03:38:30,2024-08-02 03:38:30
344,Business 344,business344@example.com,password344,2024-11-14 03:38:30,2024-11-14 03:38:30
345,Business 345,business345@example.com,password345,2024-07-21 03:38:30,2024-07-21 03:38:30
346,Business 346,business346@example.com,password346,2024-03-02 03:38:30,2024-03-02 03:38:30
347,Business 347,business347@example.com,password347,2024-10-14 03:38:30,2024-10-14 03:38:30
348,Business 348,business348@example.com,password348,2024-02-19 03:38:30,2024-02-19 03:38:30
349,Business 349,business349@example.com,password349,2024-10-24 03:38:30,2024-10-24 03:38:30
350,Business 350,business350@example.com,password350,2024-11-22 03:38:30,2024-11-22 03:38:30
351,Business 351,business351@example.com,password351,2024-10-14 03:38:30,2024-10-14 03:38:30
352,Business 352,business352@example.com,password352,2024-10-11 03:38:30,2024-10-11 03:38:30
353,Business 353,business353@example.com,password353,2024-11-04 03:38:30,2024-11-04 03:38:30
354,Business 354,business354@example.com,password354,2024-08-25 03:38:30,2024-08-25 03:38:30
355,Business 355,business355@example.com,password355,2024-02-20 03:38:30,2024-02-20 03:38:30
356,Business 356,business356@example.com,password356,2024-02-16 03:38:30,2024-02-16 03:38:30
357,Business 357,business357@example.com,password357,2024-11-20 03:38:30,2024-11-20 03:38:30
358,Business 358,business358@example.com,password358,2024-02-06 03:38:30,2024-02-06 03:38:30
359,Business 359,business359@example.com,password359,2024-11-18 03:38:30,2024-11-18 03:38:30
360,Business 360,business360@example.com,password360,2024-02-03 03:38:30,2024-02-03 03:38:30
361,Business 361,business361@example.com,password361,2024-11-05 03:38:30,2024-11-05 03:38:30
362,Business 362,business362@example.com,password362,2024-06-15 03:38:30,2024-06-15 03:38:30
363,Business 363,business363@example.com,password363,2024-02-02 03:38:30,2024-02-02 03:38:30
364,Business 364,business364@example.com,password364,2024-06-24 03:38:30,2024-06-24 03:38:30
365,Business 365,business365@example.com,password365,2024-11-19 03:38:30,2024-11-19 03:38:30
366,Business 366,business366@example.com,password366,2024-06-23 03:38:30,2024-06-23 03:38:30
367,Business 367,business367@example.com,password367,2024-07-29 03:38:30,2024-07-29 03:38:30
368,Business 368,business368@example.com,password368,2024-06-07 03:38:30,2024-06-07 03:38:30
369,Business 369,business369@example.com,password369,2024-06-27 03:38:30,2024-06-27 03:38:30
370,Business 370,business370@example.com,password370,2024-02-08 03:38:30,2024-02-08 03:38:30
371,Business 371,business371@example.com,password371,2024-11-22 03:38:30,2024-11-22 03:38:30
372,Business 372,business372@example.com,password372,2024-01-09 03:38:30,2024-01-09 03:38:30
373,Business 373,business373@example.com,password373,2024-01-10 03:38:30,2024-01-10 03:38:30
374,Business 374,business374@example.com,password374,2024-06-11 03:38:30,2024-06-11 03:38:30
375,Business 375,business375@example.com,password375,2024-03-12 03:38:30,2024-03-12 03:38:30
376,Business 376,business376@example.com,password376,2024-11-28 03:38:30,2024-11-28 03:38:30
377,Business 377,business377@example.com,password377,2024-07-30 03:38:30,2024-07-30 03:38:30
378,Business 378,business378@example.com,password378,2024-05-24 03:38:30,2024-05-24 03:38:30
379,Business 379,business379@example.com,password379,2024-09-08 03:38:30,2024-09-08 03:38:30
380,Business 380,business380@example.com,password380,2024-09-06 03:38:30,2024-09-06 03:38:30
381,Business 381,business381@example.com,password381,2024-08-09 03:38:30,2024-08-09 03:38:30
382,Business 382,business382@example.com,password382,2024-10-20 03:38:30,2024-10-20 03:38:30
383,Business 383,business383@example.com,password383,2024-02-18 03:38:30,2024-02-18 03:38:30
384,Business 384,business384@example.com,password384,2024-03-18 03:38:30,2024-03-18 03:38:30
385,Business 385,business385@example.com,password385,2024-01-19 03:38:30,2024-01-19 03:38:30
386,Business 386,business386@example.com,password386,2024-10-02 03:38:30,2024-10-02 03:38:30
387,Business 387,business387@example.com,password387,2024-04-17 03:38:30,2024-04-17 03:38:30
388,Business 388,business388@example.com,password388,2024-03-15 03:38:30,2024-03-15 03:38:30
389,Business 389,business389@example.com,password389,2024-02-03 03:38:30,2024-02-03 03:38:30
390,Business 390,business390@example.com,password390,2024-02-29 03:38:30,2024-02-29 03:38:30
391,Business 391,business391@example.com,password391,2024-04-26 03:38:30,2024-04-26 03:38:30
392,Business 392,business392@example.com,password392,2024-08-10 03:38:30,2024-08-10 03:38:30
393,Business 393,business393@example.com,password393,2024-11-16 03:38:30,2024-11-16 03:38:30
394,Business 394,business394@example.com,password394,2024-11-25 03:38:30,2024-11-25 03:38:30
395,Business 395,business395@example.com,password395,2024-03-25 03:38:30,2024-03-25 03:38:30
396,Business 396,business396@example.com,password396,2024-06-21 03:38:30,2024-06-21 03:38:30
397,Business 397,business397@example.com,password397,2024-09-18 03:38:30,2024-09-18 03:38:30
398,Business 398,business398@example.com,password398,2024-08-10 03:38:30,2024-08-10 03:38:30
399,Business 399,business399@example.com,password399,2024-11-02 03:38:30,2024-11-02 03:38:30
400,Business 400,business400@example.com,password400,2024-05-16 03:38:30,2024-05-16 03:38:30
401,Business 401,business401@example.com,password401,2024-08-13 03:38:30,2024-08-13 03:38:30
402,Business 402,business402@example.com,password402,2024-07-06 03:38:30,2024-07-06 03:38:30
403,Business 403,business403@example.com,password403,2024-11-20 03:38:30,2024-11-20 03:38:30
404,Business 404,business404@example.com,password404,2024-05-11 03:38:30,2024-05-11 03:38:30
405,Business 405,business405@example.com,password405,2024-03-09 03:38:30,2024-03-09 03:38:30
406,Business 406,business406@example.com,password406,2024-03-13 03:38:30,2024-03-13 03:38:30
407,Business 407,business407@example.com,password407,2024-03-04 03:38:30,2024-03-04 03:38:30
408,Business 408,business408@example.com,password408,2024-05-18 03:38:30,2024-05-18 03:38:30
409,Business 409,business409@example.com,password409,2024-03-17 03:38:30,2024-03-17 03:38:30
410,Business 410,business410@example.com,password410,2024-05-20 03:38:30,2024-05-20 03:38:30
411,Business 411,business411@example.com,password411,2024-07-23 03:38:30,2024-07-23 03:38:30
412,Business 412,business412@example.com,password412,2024-06-26 03:38:30,2024-06-26 03:38:30
413,Business 413,business413@example.com,password413,2024-04-17 03:38:30,2024-04-17 03:38:30
414,Business 414,business414@example.com,password414,2024-12-07 03:38:30,2024-12-07 03:38:30
415,Business 415,business415@example.com,password415,2024-05-05 03:38:30,2024-05-05 03:38:30
416,Business 416,business416@example.com,password416,2024-11-05 03:38:30,2024-11-05 03:38:30
417,Business 417,business417@example.com,password417,2024-05-18 03:38:30,2024-05-18 03:38:30
418,Business 418,business418@example.com,password418,2024-01-28 03:38:30,2024-01-28 03:38:30
419,Business 419,business419@example.com,password419,2024-03-20 03:38:30,2024-03-20 03:38:30
420,Business 420,business420@example.com,password420,2024-08-25 03:38:30,2024-08-25 03:38:30
421,Business 421,business421@example.com,password421,2024-09-24 03:38:30,2024-09-24 03:38:30
422,Business 422,business422@example.com,password422,2024-11-26 03:38:30,2024-11-26 03:38:30
423,Business 423,business423@example.com,password423,2024-08-08 03:38:30,2024-08-08 03:38:30
424,Business 424,business424@example.com,password424,2024-04-06 03:38:30,2024-04-06 03:38:30
425,Business 425,business425@example.com,password425,2024-07-23 03:38:30,2024-07-23 03:38:30
426,Business 426,business426@example.com,password426,2024-09-05 03:38:30,2024-09-05 03:38:30
427,Business 427,business427@example.com,password427,2024-09-05 03:38:30,2024-09-05 03:38:30
428,Business 428,business428@example.com,password428,2024-11-07 03:38:30,2024-11-07 03:38:30
429,Business 429,business429@example.com,password429,2024-08-18 03:38:30,2024-08-18 03:38:30
430,Business 430,business430@example.com,password430,2024-09-26 03:38:30,2024-09-26 03:38:30
431,Business 431,business431@example.com,password431,2024-02-25 03:38:30,2024-02-25 03:38:30
432,Business 432,business432@example.com,password432,2024-06-03 03:38:30,2024-06-03 03:38:30
433,Business 433,business433@example.com,password433,2024-02-23 03:38:30,2024-02-23 03:38:30
434,Business 434,business434@example.com,password434,2024-05-08 03:38:30,2024-05-08 03:38:30
435,Business 435,business435@example.com,password435,2024-06-23 03:38:30,2024-06-23 03:38:30
436,Business 436,business436@example.com,password436,2024-06-10 03:38:30,2024-06-10 03:38:30
437,Business 437,business437@example.com,password437,2024-02-20 03:38:30,2024-02-20 03:38:30
438,Business 438,business438@example.com,password438,2024-05-15 03:38:30,2024-05-15 03:38:30
439,Business 439,business439@example.com,password439,2024-03-31 03:38:30,2024-03-31 03:38:30
440,Business 440,business440@example.com,password440,2024-01-04 03:38:30,2024-01-04 03:38:30
441,Business 441,business441@example.com,password441,2024-04-21 03:38:30,2024-04-21 03:38:30
442,Business 442,business442@example.com,password442,2024-11-12 03:38:30,2024-11-12 03:38:30
443,Business 443,business443@example.com,password443,2023-12-25 03:38:30,2023-12-25 03:38:30
444,Business 444,business444@example.com,password444,2024-07-19 03:38:30,2024-07-19 03:38:30
445,Business 445,business445@example.com,password445,2023-12-21 03:38:30,2023-12-21 03:38:30
446,Business 446,business446@example.com,password446,2024-01-10 03:38:30,2024-01-10 03:38:30
447,Business 447,business447@example.com,password447,2024-01-18 03:38:30,2024-01-18 03:38:30
448,Business 448,business448@example.com,password448,2023-12-30 03:38:30,2023-12-30 03:38:30
449,Business 449,business449@example.com,password449,2024-04-21 03:38:30,2024-04-21 03:38:30
450,Business 450,business450@example.com,password450,2024-04-13 03:38:30,2024-04-13 03:38:30
451,Business 451,business451@example.com,password451,2024-07-19 03:38:30,2024-07-19 03:38:30
452,Business 452,business452@example.com,password452,2024-11-05 03:38:30,2024-11-05 03:38:30
453,Business 453,business453@example.com,password453,2024-02-27 03:38:30,2024-02-27 03:38:30
454,Business 454,business454@example.com,password454,2024-04-15 03:38:30,2024-04-15 03:38:30
455,Business 455,business455@example.com,password455,2024-04-09 03:38:30,2024-04-09 03:38:30
456,Business 456,business456@example.com,password456,2024-03-28 03:38:30,2024-03-28 03:38:30
457,Business 457,business457@example.com,password457,2024-10-25 03:38:30,2024-10-25 03:38:30
458,Business 458,business458@example.com,password458,2023-12-14 03:38:30,2023-12-14 03:38:30
459,Business 459,business459@example.com,password459,2024-11-07 03:38:30,2024-11-07 03:38:30
460,Business 460,business460@example.com,password460,2023-12-16 03:38:30,2023-12-16 03:38:30
461,Business 461,business461@example.com,password461,2024-09-13 03:38:30,2024-09-13 03:38:30
462,Business 462,business462@example.com,password462,2024-06-11 03:38:30,2024-06-11 03:38:30
463,Business 463,business463@example.com,password463,2024-11-17 03:38:30,2024-11-17 03:38:30
464,Business 464,business464@example.com,password464,2024-05-07 03:38:30,2024-05-07 03:38:30
465,Business 465,business465@example.com,password465,2024-09-12 03:38:30,2024-09-12 03:38:30
466,Business 466,business466@example.com,password466,2024-11-08 03:38:30,2024-11-08 03:38:30
467,Business 467,business467@example.com,password467,2024-11-12 03:38:30,2024-11-12 03:38:30
468,Business 468,business468@example.com,password468,2024-01-08 03:38:30,2024-01-08 03:38:30
469,Business 469,business469@example.com,password469,2024-06-14 03:38:30,2024-06-14 03:38:30
470,Business 470,business470@example.com,password470,2024-11-03 03:38:30,2024-11-03 03:38:30
471,Business 471,business471@example.com,password471,2024-06-21 03:38:30,2024-06-21 03:38:30
472,Business 472,business472@example.com,password472,2024-01-09 03:38:30,2024-01-09 03:38:30
473,Business 473,business473@example.com,password473,2023-12-28 03:38:30,2023-12-28 03:38:30
474,Business 474,business474@example.com,password474,2024-02-22 03:38:30,2024-02-22 03:38:30
475,Business 475,business475@example.com,password475,2024-08-18 03:38:30,2024-08-18 03:38:30
476,Business 476,business476@example.com,password476,2024-07-26 03:38:30,2024-07-26 03:38:30
477,Business 477,business477@example.com,password477,2023-12-25 03:38:30,2023-12-25 03:38:30
478,Business 478,business478@example.com,password478,2024-03-13 03:38:30,2024-03-13 03:38:30
479,Business 479,business479@example.com,password479,2024-03-22 03:38:30,2024-03-22 03:38:30
480,Business 480,business480@example.com,password480,2024-04-27 03:38:30,2024-04-27 03:38:30
481,Business 481,business481@example.com,password481,2024-01-26 03:38:30,2024-01-26 03:38:30
482,Business 482,business482@example.com,password482,2024-02-05 03:38:30,2024-02-05 03:38:30
483,Business 483,business483@example.com,password483,2024-05-01 03:38:30,2024-05-01 03:38:30
484,Business 484,business484@example.com,password484,2024-06-07 03:38:30,2024-06-07 03:38:30
485,Business 485,business485@example.com,password485,2024-08-19 03:38:30,2024-08-19 03:38:30
486,Business 486,business486@example.com,password486,2024-12-05 03:38:30,2024-12-05 03:38:30
487,Business 487,business487@example.com,password487,2023-12-13 03:38:30,2023-12-13 03:38:30
488,Business 488,business488@example.com,password488,2024-11-30 03:38:30,2024-11-30 03:38:30
489,Business 489,business489@example.com,password489,2024-04-24 03:38:30,2024-04-24 03:38:30
490,Business 490,business490@example.com,password490,2024-03-19 03:38:30,2024-03-19 03:38:30
491,Business 491,business491@example.com,password491,2024-09-13 03:38:30,2024-09-13 03:38:30
492,Business 492,business492@example.com,password492,2024-03-19 03:38:30,2024-03-19 03:38:30
493,Business 493,business493@example.com,password493,2024-11-02 03:38:30,2024-11-02 03:38:30
494,Business 494,business494@example.com,password494,2024-07-21 03:38:30,2024-07-21 03:38:30
495,Business 495,business495@example.com,password495,2024-06-29 03:38:30,2024-06-29 03:38:30
496,Business 496,business496@example.com,password496,2024-06-17 03:38:30,2024-06-17 03:38:30
497,Business 497,business497@example.com,password497,2024-02-05 03:38:30,2024-02-05 03:38:30
498,Business 498,business498@example.com,password498,2023-12-15 03:38:30,2023-12-15 03:38:30
499,Business 499,business499@example.com,password499,2024-07-05 03:38:30,2024-07-05 03:38:30
500,Business 500,business500@example.com,password500,2024-05-09 03:38:30,2024-05-09 03:38:30
